source,league.year,league.name,ident,person.ref,person.name.last,person.name.given,S_STINT,entry.name,S_FIRST,S_LAST,B_G,P_G,pos
minoraverages/1967TSN,1966,Mexican League,,B00013,Acea,Gregorio,0,Veracruz,,,27,,
minoraverages/1967TSN,1966,Mexican League,,F21158,Acea,,0,Veracruz,,,,,of27
minoraverages/1967TSN,1966,Mexican League,,B00021,Acosta,Gabriel,0,Reynosa,,,21,,
minoraverages/1967TSN,1966,Mexican League,,F21771,Acosta,,0,Reynosa,,,,,p21
minoraverages/1967TSN,1966,Mexican League,,P10019,Acosta,,0,Reynosa,,,,21,
minoraverages/1967TSN,1966,Mexican League,,B00037,Aguirre,Sergio,0,Monterrey,,,49,,
minoraverages/1967TSN,1966,Mexican League,,F21241,Aguirre,,0,Monterrey,,,,,c39
minoraverages/1967TSN,1966,Mexican League,,B00045,Ahumada,Alejo,0,Reynosa,,,12,,
minoraverages/1967TSN,1966,Mexican League,,F21553,Ahumada,,0,Reynosa,,,,,p12
minoraverages/1967TSN,1966,Mexican League,,P10024,Ahumada,,0,Reynosa,,,,12,
minoraverages/1967TSN,1966,Mexican League,,B00059,Alvarez,Arturo,0,Mexico City Reds,,,128,,
minoraverages/1967TSN,1966,Mexican League,,B00068,Alvarez,Oswaldo,0,Jalisco,,,2,,
minoraverages/1967TSN,1966,Mexican League,,F20166,Alvarez,A.,0,Mexico City Reds,,,,,1b39
minoraverages/1967TSN,1966,Mexican League,,F20855,Alvarez,A.,0,Mexico City Reds,,,,,of86
minoraverages/1967TSN,1966,Mexican League,,B00076,Arano,Efrain,0,Poza Rica,,,46,,
minoraverages/1967TSN,1966,Mexican League,,B00084,Arano,Ramon,0,Mexico City Reds,,,40,,
minoraverages/1967TSN,1966,Mexican League,,B00092,Arano,Wilfredo,0,Mexico City Reds,,,11,,
minoraverages/1967TSN,1966,Mexican League,,F21904,Arano,R.,0,Mexico City Reds,,,,,p39
minoraverages/1967TSN,1966,Mexican League,,F22048,Arano,E.,0,Poza Rica,,,,,p31
minoraverages/1967TSN,1966,Mexican League,,P10035,Arano,E.,0,Poza Rica,,,,31,
minoraverages/1967TSN,1966,Mexican League,,P10043,Arano,R.,0,Mexico City Reds,,,,39,
minoraverages/1967TSN,1966,Mexican League,,B00101,Arias,Rodolfo,0,Poza Rica,,,5,,
minoraverages/1967TSN,1966,Mexican League,,P10056,Arias,,0,Poza Rica,,,,4,
minoraverages/1967TSN,1966,Mexican League,,B00117,Ariosa,Mario,0,Veracruz,,,59,,
minoraverages/1967TSN,1966,Mexican League,,F20153,Ariosa,,0,Veracruz,,,,,1b26
minoraverages/1967TSN,1966,Mexican League,,B00125,Armas,Abel,0,Reynosa,,,14,,
minoraverages/1967TSN,1966,Mexican League,,F22116,Armas,,0,Reynosa,,,,,p14
minoraverages/1967TSN,1966,Mexican League,,P10062,Armas,,0,Reynosa,,,,14,
minoraverages/1967TSN,1966,Mexican League,,B00130,Armenta,Anselmo,0,Reynosa,,,16,,
minoraverages/1967TSN,1966,Mexican League,,F21210,Armenta,,0,Reynosa,,,,,c13
minoraverages/1967TSN,1966,Mexican League,,B00149,Arvizu,Oscar,0,Mexico City Reds,,,13,,
minoraverages/1967TSN,1966,Mexican League,,F21531,Arvizu,,0,Mexico City Reds,,,,,p13
minoraverages/1967TSN,1966,Mexican League,,P10070,Arvizu,,0,Mexico City Reds,,,,13,
minoraverages/1967TSN,1966,Mexican League,,B00158,Avena,Andres,0,Mexico City Tigers,,,10,,
minoraverages/1967TSN,1966,Mexican League,,F21614,Avena,,0,Mexico City Tigers,,,,,p10
minoraverages/1967TSN,1966,Mexican League,,P10081,Avena,,0,Mexico City Tigers,,,,10,
minoraverages/1967TSN,1966,Mexican League,,M90071,Avila,Roberto,,Puebla,,,,,
minoraverages/emilbb,1966,Mexican League,,M90317,Avila,Roberto,,Puebla,,,,,
minoraverages/1967TSN,1966,Mexican League,,B00163,Ayon,Andres,0,Puebla,,,39,,
minoraverages/1967TSN,1966,Mexican League,,F21695,Ayon,,0,Puebla,,,,,p34
minoraverages/1967TSN,1966,Mexican League,,P10097,Ayon,,0,Puebla,,,,34,
minoraverages/1967TSN,1966,Mexican League,,B00174,Balderas,Abelardo,0,Mexico City Reds,,,118,,
minoraverages/1967TSN,1966,Mexican League,,F20547,Balderas,,0,Mexico City Reds,,,,,ss118
minoraverages/1967TSN,1966,Mexican League,,B00182,Bankhead,Daniel,0,Reynosa,,,11,,
minoraverages/1967TSN,1966,Mexican League,,M90141,Bankhead,Daniel,,Reynosa,19660602,,,,
minoraverages/1967TSN,1966,Mexican League,,P10100,Bankhead,,0,Reynosa,,,,6,
minoraverages/emilbb,1966,Mexican League,,M90374,Bankhead,Dan,,Reynosa,,,,,
minoraverages/1967TSN,1966,Mexican League,,B00196,Barajas,Armando,0,Mexico City Reds,,,55,,
minoraverages/1967TSN,1966,Mexican League,,F20327,Barajas,,0,Mexico City Reds,,,,,2b52
minoraverages/1967TSN,1966,Mexican League,,B00207,Barnes,Frank,0,Reynosa,,,27,,
minoraverages/1967TSN,1966,Mexican League,,F21920,Barnes,,0,Reynosa,,,,,p26
minoraverages/1967TSN,1966,Mexican League,,P10113,Barnes,,0,Reynosa,,,,26,
minoraverages/1967TSN,1966,Mexican League,,B00210,Barrera,Jose Luis,0,Jalisco,,,3,,
minoraverages/1967TSN,1966,Mexican League,,B00229,Barrera,Olegario,0,Poza Rica,,,13,,
minoraverages/1967TSN,1966,Mexican League,,F22191,Barrera,O.,0,Poza Rica,,,,,p13
minoraverages/1967TSN,1966,Mexican League,,P10121,Barrera,O.,0,Poza Rica,,,,13,
minoraverages/1967TSN,1966,Mexican League,,B00232,Bedolla,Eduardo,0,Poza Rica,,,5,,
minoraverages/1967TSN,1966,Mexican League,,P10137,Bedolla,,0,Poza Rica,,,,5,
minoraverages/1967TSN,1966,Mexican League,,B00241,Bernal,Arturo,0,Reynosa,,,37,,
minoraverages/1967TSN,1966,Mexican League,,F20997,Bernal,,0,Reynosa,,,,,of17
minoraverages/1967TSN,1966,Mexican League,,B00255,Berzunza,William,0,Reynosa,,,123,,
minoraverages/1967TSN,1966,Mexican League,,F20072,Berzunza,,0,Reynosa,,,,,1b115
minoraverages/1967TSN,1966,Mexican League,,B00264,Betancourt,Simon,0,Jalisco,,,28,,
minoraverages/1967TSN,1966,Mexican League,,F22134,Betancourt,,0,Jalisco,,,,,p28
minoraverages/1967TSN,1966,Mexican League,,P10145,Betancourt,,0,Jalisco,,,,28,
minoraverages/1967TSN,1966,Mexican League,,B00278,Blanco,Rosendo,0,Veracruz,,,1,,
minoraverages/1967TSN,1966,Mexican League,,P10159,Blanco,,0,Veracruz,,,,1,
minoraverages/1967TSN,1966,Mexican League,,B00286,Brown,Winston,0,Poza Rica,,,42,,
minoraverages/1967TSN,1966,Mexican League,,F21957,Brown,,0,Poza Rica,,,,,p40
minoraverages/1967TSN,1966,Mexican League,,P10168,Brown,,0,Poza Rica,,,,40,
minoraverages/1967TSN,1966,Mexican League,,B00293,Bueno,Roberto,0,Monterrey,,,7,,
minoraverages/1967TSN,1966,Mexican League,,P10176,Bueno,,0,Monterrey,,,,7,
minoraverages/1967TSN,1966,Mexican League,,B00308,Bustamante,Jesus,1,Veracruz,,,5,,
minoraverages/1967TSN,1966,Mexican League,,B00308,Bustamante,Jesus,2,Puebla,,,120,,
minoraverages/1967TSN,1966,Mexican League,,B00308,Bustamante,Jesus,T,,,,125,,
minoraverages/1967TSN,1966,Mexican League,,F20981,Bustamante,,1,Veracruz,,,,,of
minoraverages/1967TSN,1966,Mexican League,,F20981,Bustamante,,2,Puebla,,,,,of
minoraverages/1967TSN,1966,Mexican League,,F20981,Bustamante,,T,,,,,,of43
minoraverages/1967TSN,1966,Mexican League,,B00319,Cacheux,Arturo,0,Mexico City Tigers,,,5,,
minoraverages/1967TSN,1966,Mexican League,,B00335,Calleja,Arturo,0,Poza Rica,,,17,,
minoraverages/1967TSN,1966,Mexican League,,F21589,Calleja,,0,Poza Rica,,,,,p15
minoraverages/1967TSN,1966,Mexican League,,P10184,Calleja,,0,Poza Rica,,,,15,
minoraverages/1967TSN,1966,Mexican League,,M90060,Calvino,Wilfredo,,Monterrey,,,,,
minoraverages/emilbb,1966,Mexican League,,M90273,Calvino,Wilfredo,,Monterrey,,,,,
minoraverages/1967TSN,1966,Mexican League,,B00324,Calvo,Jorge,0,Mexico City Reds,,,5,,
minoraverages/1967TSN,1966,Mexican League,,B00343,Camacho,Moises,0,Mexico City Reds,,,134,,
minoraverages/1967TSN,1966,Mexican League,,B00356,Camacho,Ronaldo,0,Puebla,,,139,,
minoraverages/1967TSN,1966,Mexican League,,F20051,Camacho,R.,0,Puebla,,,,,1b139
minoraverages/1967TSN,1966,Mexican League,,F20233,Camacho,M.,0,Mexico City Reds,,,,,2b86
minoraverages/1967TSN,1966,Mexican League,,F20745,Camacho,M.,0,Mexico City Reds,,,,,3b51
minoraverages/1967TSN,1966,Mexican League,,B00362,Camarero,Genaro,0,Mexico City Tigers,,,1,,
minoraverages/1967TSN,1966,Mexican League,,B00370,Camarero,Rolando,0,Veracruz,,,129,,
minoraverages/1967TSN,1966,Mexican League,,F20401,Camarero,R.,0,Veracruz,,,,,2b43
minoraverages/1967TSN,1966,Mexican League,,F21130,Camarero,R.,0,Veracruz,,,,,of68
minoraverages/1967TSN,1966,Mexican League,,P10192,Camarero,,0,Mexico City Tigers,,,,1,
minoraverages/1967TSN,1966,Mexican League,,B00381,Cansino,Guadalupe,0,Puebla,,,108,,
minoraverages/1967TSN,1966,Mexican League,,F21324,Cansino,,0,Puebla,,,,,c104
minoraverages/1967TSN,1966,Mexican League,,B00397,Canul,Guadalupe,0,Mexico City Reds,,,9,,
minoraverages/1967TSN,1966,Mexican League,,P10202,Canul,,0,Mexico City Reds,,,,9,
minoraverages/1967TSN,1966,Mexican League,,B00403,Carrasquel,Domingo,0,Veracruz,,,126,,
minoraverages/1967TSN,1966,Mexican League,,F20518,Carrasquel,,0,Veracruz,,,,,ss16
minoraverages/1967TSN,1966,Mexican League,,B00416,Casas,Carlos,0,Reynosa,,,98,,
minoraverages/1967TSN,1966,Mexican League,,F20298,Casas,,0,Reynosa,,,,,2b18
minoraverages/1967TSN,1966,Mexican League,,F20571,Casas,,0,Reynosa,,,,,ss53
minoraverages/1967TSN,1966,Mexican League,,M90107,Castano,Antonio,,Poza Rica,,,,,
minoraverages/1967TSN,1966,Mexican League,,B00427,Castillo,Enrique,0,Mexico City Tigers,,,47,,
minoraverages/1967TSN,1966,Mexican League,,B00434,Castillo,Guadalupe,0,Veracruz,,,6,,
minoraverages/1967TSN,1966,Mexican League,,F22020,Castillo,E.,0,Mexico City Tigers,,,,,p46
minoraverages/1967TSN,1966,Mexican League,,P10215,Castillo,E.,0,Mexico City Tigers,,,,46,
minoraverages/1967TSN,1966,Mexican League,,P10228,Castillo,,0,Veracruz,,,,6,
minoraverages/emilbb,1966,Mexican League,,M90349,Castono,Tony,,Poza Rica,,,,,
minoraverages/1967TSN,1966,Mexican League,,B00442,Castro,Arnoldo,0,Mexico City Tigers,,,134,,
minoraverages/1967TSN,1966,Mexican League,,F20211,Castro,,0,Mexico City Tigers,,,,,2b126
minoraverages/1967TSN,1966,Mexican League,,F20449,Castro,,0,Mexico City Tigers,,,,,ss12
minoraverages/1967TSN,1966,Mexican League,,B00450,Cerda,Benjamin,0,Jalisco,,,118,,
minoraverages/1967TSN,1966,Mexican League,,F20526,Cerda,,0,Jalisco,,,,,ss117
minoraverages/1967TSN,1966,Mexican League,,B00469,Cid,Humberto,0,Veracruz,,,11,,
minoraverages/1967TSN,1966,Mexican League,,F21638,Cid,,0,Veracruz,,,,,p11
minoraverages/1967TSN,1966,Mexican League,,P10231,Cid,,0,Veracruz,,,,11,
minoraverages/1967TSN,1966,Mexican League,,B00475,Cisneros,Alfonso,1,Mexico City Tigers,,,3,,
minoraverages/1967TSN,1966,Mexican League,,B00475,Cisneros,Alfonso,2,Veracruz,,,26,,
minoraverages/1967TSN,1966,Mexican League,,B00475,Cisneros,Alfonso,T,,,,29,,
minoraverages/1967TSN,1966,Mexican League,,F22085,Cisneros,,1,Mexico City Tigers,,,,,p
minoraverages/1967TSN,1966,Mexican League,,F22085,Cisneros,,2,Veracruz,,,,,p
minoraverages/1967TSN,1966,Mexican League,,F22085,Cisneros,,T,,,,,,p29
minoraverages/1967TSN,1966,Mexican League,,P10244,Cisneros,,1,Mexico City Tigers,,,,3,
minoraverages/1967TSN,1966,Mexican League,,P10244,Cisneros,,2,Veracruz,,,,26,
minoraverages/1967TSN,1966,Mexican League,,P10244,Cisneros,,T,,,,,29,
minoraverages/1967TSN,1966,Mexican League,,B00488,Cobos,Carlos,0,Mexico City Tigers,,,3,,
minoraverages/1967TSN,1966,Mexican League,,P10253,Cobos,,0,Mexico City Tigers,,,,3,
minoraverages/1967TSN,1966,Mexican League,,B00491,Colis,Esiquio,0,Mexico City Reds,,,17,,
minoraverages/1967TSN,1966,Mexican League,,F22175,Colis,,0,Mexico City Reds,,,,,p17
minoraverages/1967TSN,1966,Mexican League,,P10266,Colis,,0,Mexico City Reds,,,,17,
minoraverages/1967TSN,1966,Mexican League,,B00502,Conkle,Francisco,0,Mexico City Tigers,,,3,,
minoraverages/1967TSN,1966,Mexican League,,B00515,Contreras,Jesus,0,Jalisco,,,37,,
minoraverages/1967TSN,1966,Mexican League,,F21356,Contreras,,0,Jalisco,,,,,c31
minoraverages/1967TSN,1966,Mexican League,,B00528,Corella,Jaime,0,Monterrey,,,119,,
minoraverages/1967TSN,1966,Mexican League,,F21229,Corella,,0,Monterrey,,,,,c119
minoraverages/1967TSN,1966,Mexican League,,B00531,Cortes,Pedro,0,Monterrey,,,3,,
minoraverages/1967TSN,1966,Mexican League,,B00544,Cruz,Concepcion,0,Mexico City Tigers,,,19,,
minoraverages/1967TSN,1966,Mexican League,,B00553,Cruz,Gildardo,0,Puebla,,,44,,
minoraverages/1967TSN,1966,Mexican League,,F21343,Cruz,G.,0,Puebla,,,,,c37
minoraverages/1967TSN,1966,Mexican League,,F21544,Cruz,C.,0,Mexico City Tigers,,,,,p19
minoraverages/1967TSN,1966,Mexican League,,P10277,Cruz,C.,0,Mexico City Tigers,,,,19,
minoraverages/1967TSN,1966,Mexican League,,B00577,DeJesus,William,0,Jalisco,,,32,,
minoraverages/1967TSN,1966,Mexican League,,F21651,DeJesus,,0,Jalisco,,,,,p29
minoraverages/1967TSN,1966,Mexican League,,P10289,DeJesus,,0,Jalisco,,,,29,
minoraverages/1967TSN,1966,Mexican League,,B00566,DeLeon,Miguel,0,Reynosa,,,19,,
minoraverages/1967TSN,1966,Mexican League,,F20287,DeLeon,,0,Reynosa,,,,,2b19
minoraverages/1967TSN,1966,Mexican League,,B00590,Diaz,Manuel Antonio,0,Poza Rica,,,109,,
minoraverages/1967TSN,1966,Mexican League,,F21232,Diaz,,0,Poza Rica,,,,,c87
minoraverages/1967TSN,1966,Mexican League,,B00589,Diaz de Leon,Armando,0,Reynosa,,,20,,
minoraverages/1967TSN,1966,Mexican League,,B00609,Dominguez,Pablo,0,Reynosa,,,15,,
minoraverages/1967TSN,1966,Mexican League,,F21502,Dominguez,,0,Reynosa,,,,,p15
minoraverages/1967TSN,1966,Mexican League,,P10290,Dominguez,,0,Reynosa,,,,15,
minoraverages/1967TSN,1966,Mexican League,,B00614,Echeverria,Jose,0,Poza Rica,,,88,,
minoraverages/1967TSN,1966,Mexican League,,F20023,Echeverria,,0,Poza Rica,,,,,1b54
minoraverages/1967TSN,1966,Mexican League,,B00623,Elizalde,Eusebio,0,Veracruz,,,5,,
minoraverages/1967TSN,1966,Mexican League,,P10304,Elizalde,,0,Veracruz,,,,5,
minoraverages/1967TSN,1966,Mexican League,,B00638,Enriquez,Agustin,0,Puebla,,,133,,
minoraverages/1967TSN,1966,Mexican League,,B00646,Enriquez,Graciano,0,Reynosa,,,131,,
minoraverages/1967TSN,1966,Mexican League,,F20279,Enriquez,A.,0,Puebla,,,,,2b133
minoraverages/1967TSN,1966,Mexican League,,F20841,Enriquez,G.,0,Reynosa,,,,,of126
minoraverages/1967TSN,1966,Mexican League,,B00651,Esma,Luis,0,Puebla,,,1,,
minoraverages/1967TSN,1966,Mexican League,,B00667,Espino,Hector,0,Monterrey,,,120,,
minoraverages/1967TSN,1966,Mexican League,,F20115,Espino,,0,Monterrey,,,,,1b89
minoraverages/1967TSN,1966,Mexican League,,F20759,Espino,,0,Monterrey,,,,,of31
minoraverages/1967TSN,1966,Mexican League,,B00672,Espinosa,Roberto,0,Puebla,,,100,,
minoraverages/1967TSN,1966,Mexican League,,F21037,Espinosa,,0,Puebla,,,,,of84
minoraverages/1967TSN,1966,Mexican League,,B00680,Esquivias,Ruben,0,Mexico City Tigers,,,126,,
minoraverages/1967TSN,1966,Mexican League,,F20046,Esquivias,,0,Mexico City Tigers,,,,,1b117
minoraverages/1967TSN,1966,Mexican League,,B00695,Estevis,Camilo,0,Veracruz,,,45,,
minoraverages/1967TSN,1966,Mexican League,,F21747,Estevis,,0,Veracruz,,,,,p43
minoraverages/1967TSN,1966,Mexican League,,P10312,Estevis,,0,Veracruz,,,,43,
minoraverages/1967TSN,1966,Mexican League,,B00705,Estrada,Francisco,0,Mexico City Reds,,,74,,
minoraverages/1967TSN,1966,Mexican League,,F21293,Estrada,,0,Mexico City Reds,,,,,c55
minoraverages/1967TSN,1966,Mexican League,,B00718,Fabela,Rafael,0,Puebla,,,100,,
minoraverages/1967TSN,1966,Mexican League,,B00726,Fabela,Jaime,0,Jalisco,,,12,,
minoraverages/1967TSN,1966,Mexican League,,B00739,Fabela,Victor,0,Jalisco,,,19,,
minoraverages/1967TSN,1966,Mexican League,,F20189,Fabela,V.,0,Jalisco,,,,,1b19
minoraverages/1967TSN,1966,Mexican League,,F20886,Fabela,J.,0,Jalisco,,,,,of84
minoraverages/1967TSN,1966,Mexican League,,F22073,Fabela,R.,0,Puebla,,,,,p12
minoraverages/1967TSN,1966,Mexican League,,P10320,Fabela,R.,0,Puebla,,,,12,
minoraverages/1967TSN,1966,Mexican League,,B00747,Felix,Mario,1,Mexico City Reds,,,42,,
minoraverages/1967TSN,1966,Mexican League,,B00747,Felix,Mario,2,Puebla,,,23,,
minoraverages/1967TSN,1966,Mexican League,,B00747,Felix,Mario,T,,,,65,,
minoraverages/1967TSN,1966,Mexican League,,F20206,Felix,,1,Mexico City Reds,,,,,2b
minoraverages/1967TSN,1966,Mexican League,,F20206,Felix,,2,Puebla,,,,,2b
minoraverages/1967TSN,1966,Mexican League,,F20206,Felix,,T,,,,,,2b10
minoraverages/1967TSN,1966,Mexican League,,F20583,Felix,,1,Mexico City Reds,,,,,ss
minoraverages/1967TSN,1966,Mexican League,,F20583,Felix,,2,Puebla,,,,,ss
minoraverages/1967TSN,1966,Mexican League,,F20583,Felix,,T,,,,,,ss46
minoraverages/1967TSN,1966,Mexican League,,B00752,Ferguson,Leonardo,0,Poza Rica,,,46,,
minoraverages/1967TSN,1966,Mexican League,,F21705,Ferguson,,0,Poza Rica,,,,,p33
minoraverages/1967TSN,1966,Mexican League,,P10336,Ferguson,,0,Poza Rica,,,,33,
minoraverages/1967TSN,1966,Mexican League,,B00760,Fernandez,Hector,0,Poza Rica,,,4,,
minoraverages/1967TSN,1966,Mexican League,,B00771,Fernandez,Humberto,0,Reynosa,,,107,,
minoraverages/1967TSN,1966,Mexican League,,B00783,Fernandez,Miguel,0,Veracruz,,,127,,
minoraverages/1967TSN,1966,Mexican League,,B00794,Fernandez,Raul,0,Puebla,,,1,,
minoraverages/1967TSN,1966,Mexican League,,B00806,Fernandez,Rogelio,0,Mexico City Reds,,,7,,
minoraverages/1967TSN,1966,Mexican League,,F20552,Fernandez,Humb.,0,Reynosa,,,,,ss80
minoraverages/1967TSN,1966,Mexican League,,F20699,Fernandez,Humb.,0,Reynosa,,,,,3b27
minoraverages/1967TSN,1966,Mexican League,,F21013,Fernandez,M.,0,Veracruz,,,,,of118
minoraverages/1967TSN,1966,Mexican League,,P10348,Fernandez,Hec.,0,Poza Rica,,,,4,
minoraverages/1967TSN,1966,Mexican League,,P10357,Fernandez,Raul,0,Puebla,,,,1,
minoraverages/1967TSN,1966,Mexican League,,B00811,Ferrer,Emilio,0,Poza Rica,,,29,,
minoraverages/1967TSN,1966,Mexican League,,F22127,Ferrer,,0,Poza Rica,,,,,p28
minoraverages/1967TSN,1966,Mexican League,,P10361,Ferrer,,0,Poza Rica,,,,28,
minoraverages/1967TSN,1966,Mexican League,,B00822,Figueroa,Agustin,0,Mexico City Tigers,,,4,,
minoraverages/1967TSN,1966,Mexican League,,P10373,Figueroa,,0,Mexico City Tigers,,,,4,
minoraverages/1967TSN,1966,Mexican League,,B00833,Fitch,Jorge,0,Puebla,,,137,,
minoraverages/1967TSN,1966,Mexican League,,F20458,Fitch,,0,Puebla,,,,,ss137
minoraverages/1967TSN,1966,Mexican League,,B00840,Flores,Aaron,0,Mexico City Reds,,,31,,
minoraverages/1967TSN,1966,Mexican League,,F21760,Flores,,0,Mexico City Reds,,,,,p30
minoraverages/1967TSN,1966,Mexican League,,P10385,Flores,,0,Mexico City Reds,,,,30,
minoraverages/1967TSN,1966,Mexican League,,B00854,Franco,Antonio,0,Jalisco,,,11,,
minoraverages/1967TSN,1966,Mexican League,,F21566,Franco,,0,Jalisco,,,,,p11
minoraverages/1967TSN,1966,Mexican League,,P10399,Franco,,0,Jalisco,,,,11,
minoraverages/1967TSN,1966,Mexican League,,B00865,Friol,Rene,0,Veracruz,,,128,,
minoraverages/1967TSN,1966,Mexican League,,F20190,Friol,,0,Veracruz,,,,,1b11
minoraverages/1967TSN,1966,Mexican League,,F21255,Friol,,0,Veracruz,,,,,c111
minoraverages/1967TSN,1966,Mexican League,,B00879,Galindo C.,Guillermo,0,Poza Rica,,,90,,
minoraverages/1967TSN,1966,Mexican League,,F20496,Galindo C.,,0,Poza Rica,,,,,ss85
minoraverages/1967TSN,1966,Mexican League,,B00887,Galindo G.,Guillermo,0,Veracruz,,,1,,
minoraverages/1967TSN,1966,Mexican League,,P10407,Galindo G.,,0,Veracruz,,,,1,
minoraverages/1967TSN,1966,Mexican League,,B00898,Garcia,Alonso,0,Monterrey,,,52,,
minoraverages/1967TSN,1966,Mexican League,,B00904,Garcia,Enrique,0,Monterrey,,,51,,
minoraverages/1967TSN,1966,Mexican League,,B00912,Garcia,Ernesto,0,Poza Rica,,,22,,
minoraverages/1967TSN,1966,Mexican League,,B00920,Garcia,Francisco,0,Jalisco,,,129,,
minoraverages/1967TSN,1966,Mexican League,,B00936,Garcia,Nicolas,0,Mexico City Tigers,,,45,,
minoraverages/1967TSN,1966,Mexican League,,B00948,Garcia,Oscar,0,Reynosa,,,4,,
minoraverages/1967TSN,1966,Mexican League,,B00961,Garcia,Victor,0,Mexico City Reds,,,10,,
minoraverages/1967TSN,1966,Mexican League,,B00973,Garcia,Vinicio,0,Veracruz,,,119,,
minoraverages/1967TSN,1966,Mexican League,,F20095,Garcia,Vin.,0,Veracruz,,,,,1b11
minoraverages/1967TSN,1966,Mexican League,,F20240,Garcia,Vin.,0,Veracruz,,,,,2b103
minoraverages/1967TSN,1966,Mexican League,,F20265,Garcia,Enr.,0,Monterrey,,,,,2b16
minoraverages/1967TSN,1966,Mexican League,,F20316,Garcia,Ern.,0,Poza Rica,,,,,2b20
minoraverages/1967TSN,1966,Mexican League,,F20334,Garcia,A.,0,Monterrey,,,,,2b30
minoraverages/1967TSN,1966,Mexican League,,F20482,Garcia,Enr.,0,Monterrey,,,,,ss22
minoraverages/1967TSN,1966,Mexican League,,F21021,Garcia,F.,0,Jalisco,,,,,of122
minoraverages/1967TSN,1966,Mexican League,,F21667,Garcia,N.,0,Mexico City Tigers,,,,,p44
minoraverages/1967TSN,1966,Mexican League,,F22209,Garcia,Vic.,0,Mexico City Reds,,,,,p10
minoraverages/1967TSN,1966,Mexican League,,M90018,Garcia,Jose Luis,,Mexico City Tigers,,,,,
minoraverages/1967TSN,1966,Mexican League,,M90083,Garcia,Vinicio,,Veracruz,,,,,
minoraverages/1967TSN,1966,Mexican League,,P10429,Garcia,N.,0,Mexico City Tigers,,,,44,
minoraverages/1967TSN,1966,Mexican League,,P10432,Garcia,O.,0,Reynosa,,,,4,
minoraverages/1967TSN,1966,Mexican League,,P10441,Garcia,Vic.,0,Mexico City Reds,,,,10,
minoraverages/emilbb,1966,Mexican League,,M90285,Garcia,Jose Luis,,Mexico City Tigers,,,,,
minoraverages/emilbb,1966,Mexican League,,M90325,Garcia,Vinicio,,Veracruz,,,,,
minoraverages/1967TSN,1966,Mexican League,,B00957,Garcia T.,David,0,Puebla,,,24,,
minoraverages/1967TSN,1966,Mexican League,,F21680,Garcia T.,D.,0,Puebla,,,,,p24
minoraverages/1967TSN,1966,Mexican League,,P10410,Garcia T.,D.,0,Puebla,,,,24,
minoraverages/1967TSN,1966,Mexican League,,B00985,Garibay,Jose,0,Reynosa,,,136,,
minoraverages/1967TSN,1966,Mexican League,,F20388,Garibay,,0,Reynosa,,,,,2b91
minoraverages/1967TSN,1966,Mexican League,,F20737,Garibay,,0,Reynosa,,,,,3b48
minoraverages/1967TSN,1966,Mexican League,,M90094,Garibay,Guillermo (Memo),,Jalisco,,,,,
minoraverages/emilbb,1966,Mexican League,,M90330,Garibay,Memo,,Jalisco,,,,,
minoraverages/1967TSN,1966,Mexican League,,B00999,Garza,Eliseo,0,Poza Rica,,,1,,
minoraverages/1967TSN,1966,Mexican League,,B01007,Garza,Ricardo,0,Mexico City Tigers,,,41,,
minoraverages/1967TSN,1966,Mexican League,,M90026,Garza,Ricardo,,Mexico City Tigers,19660328,,,,
minoraverages/1967TSN,1966,Mexican League,,P10455,Garza,E.,0,Poza Rica,,,,1,
minoraverages/emilbb,1966,Mexican League,,M90299,Garza,Ricardo,,Mexico City Tigers,,,,,
minoraverages/1967TSN,1966,Mexican League,,B01010,Gaspar,Miguel,1,Veracruz,,,3,,
minoraverages/1967TSN,1966,Mexican League,,B01010,Gaspar,Miguel,2,Mexico City Reds,,,109,,
minoraverages/1967TSN,1966,Mexican League,,B01010,Gaspar,Miguel,T,,,,112,,
minoraverages/1967TSN,1966,Mexican League,,F21286,Gaspar,,1,Veracruz,,,,,c
minoraverages/1967TSN,1966,Mexican League,,F21286,Gaspar,,2,Mexico City Reds,,,,,c
minoraverages/1967TSN,1966,Mexican League,,F21286,Gaspar,,T,,,,,,c108
minoraverages/1967TSN,1966,Mexican League,,B01029,Gastelum,Enrique,0,Veracruz,,,66,,
minoraverages/1967TSN,1966,Mexican League,,F21045,Gastelum,,0,Veracruz,,,,,of60
minoraverages/1967TSN,1966,Mexican League,,B01032,Geigel,Jose Manuel,0,Jalisco,,,6,,
minoraverages/1967TSN,1966,Mexican League,,P10464,Geigel,,0,Jalisco,,,,6,
minoraverages/1967TSN,1966,Mexican League,,B01041,Gomez,Ruben,0,Veracruz,,,20,,
minoraverages/1967TSN,1966,Mexican League,,F21840,Gomez,,0,Veracruz,,,,,p16
minoraverages/1967TSN,1966,Mexican League,,P10478,Gomez,,0,Veracruz,,,,16,
minoraverages/1967TSN,1966,Mexican League,,B01055,Gonzalez,Juan,0,Monterrey,,,16,,
minoraverages/1967TSN,1966,Mexican League,,B01064,Gonzalez,Sergio,0,Mexico City Tigers,,,40,,
minoraverages/1967TSN,1966,Mexican League,,F21308,Gonzalez,S.,0,Mexico City Tigers,,,,,c33
minoraverages/1967TSN,1966,Mexican League,,F21488,Gonzalez,J. M.,0,Monterrey,,,,,p15
minoraverages/1967TSN,1966,Mexican League,,P10486,Gonzalez,J. M.,0,Monterrey,,,,15,
minoraverages/1967TSN,1966,Mexican League,,B01078,Grant,Julious,0,Monterrey,,,50,,
minoraverages/1967TSN,1966,Mexican League,,B01086,Grant,Howard,0,Veracruz,,,3,,
minoraverages/1967TSN,1966,Mexican League,,F21726,Grant,J.,0,Monterrey,,,,,p37
minoraverages/1967TSN,1966,Mexican League,,P10493,Grant,H.,0,Veracruz,,,,3,
minoraverages/1967TSN,1966,Mexican League,,P10503,Grant,J.,0,Monterrey,,,,37,
minoraverages/1967TSN,1966,Mexican League,,B01093,Grba,Eli,0,Jalisco,,,8,,
minoraverages/1967TSN,1966,Mexican League,,P10516,Grba,,0,Jalisco,,,,8,
minoraverages/1967TSN,1966,Mexican League,,B01108,Guerrero,Gustavo,0,Reynosa,,,8,,
minoraverages/1967TSN,1966,Mexican League,,B01119,Guerrero,Humberto,0,Reynosa,,,65,,
minoraverages/1967TSN,1966,Mexican League,,B01124,Guerrero,Jesus,0,Puebla,,,3,,
minoraverages/1967TSN,1966,Mexican League,,F20038,Guerrero,H.,0,Reynosa,,,,,1b27
minoraverages/1967TSN,1966,Mexican League,,F21182,Guerrero,H.,0,Reynosa,,,,,of14
minoraverages/1967TSN,1966,Mexican League,,P10527,Guerrero,G.,0,Puebla,,,,5,
minoraverages/1967TSN,1966,Mexican League,,B01135,Gutierrez,Cesar,0,Poza Rica,,,42,,
minoraverages/1967TSN,1966,Mexican League,,B01143,Gutierrez,Eloy,1,Mexico City Tigers,,,4,,
minoraverages/1967TSN,1966,Mexican League,,B01143,Gutierrez,Eloy,2,Veracruz,,,28,,
minoraverages/1967TSN,1966,Mexican League,,B01143,Gutierrez,Eloy,T,,,,32,,
minoraverages/1967TSN,1966,Mexican League,,F21319,Gutierrez,E.,1,Mexico City Tigers,,,,,c
minoraverages/1967TSN,1966,Mexican League,,F21319,Gutierrez,E.,2,Veracruz,,,,,c
minoraverages/1967TSN,1966,Mexican League,,F21319,Gutierrez,E.,T,,,,,,c28
minoraverages/1967TSN,1966,Mexican League,,F21822,Gutierrez,C.,0,Poza Rica,,,,,p42
minoraverages/1967TSN,1966,Mexican League,,P10534,Gutierrez,C.,0,Poza Rica,,,,42,
minoraverages/1967TSN,1966,Mexican League,,B01156,Hayling,Daniel,0,Veracruz,,,32,,
minoraverages/1967TSN,1966,Mexican League,,F22099,Hayling,,0,Veracruz,,,,,p32
minoraverages/1967TSN,1966,Mexican League,,P10542,Hayling,,0,Veracruz,,,,32,
minoraverages/1967TSN,1966,Mexican League,,B01162,Hendricks,Elrod,0,Jalisco,,,122,,
minoraverages/1967TSN,1966,Mexican League,,F21278,Hendricks,,0,Jalisco,,,,,c115
minoraverages/1967TSN,1966,Mexican League,,B01181,Hernandez,Evelio,0,Monterrey,,,40,,
minoraverages/1967TSN,1966,Mexican League,,B01197,Hernandez,Jose Luis,0,Mexico City Tigers,,,75,,
minoraverages/1967TSN,1966,Mexican League,,B01203,Hernandez,Juan,0,Puebla,,,1,,
minoraverages/1967TSN,1966,Mexican League,,B01216,Hernandez,Justino,0,Poza Rica,,,54,,
minoraverages/1967TSN,1966,Mexican League,,B01227,Hernandez,Maximo,0,Puebla,,,23,,
minoraverages/1967TSN,1966,Mexican League,,B01234,Hernandez,Ramon,0,Mexico City Reds,,,33,,
minoraverages/1967TSN,1966,Mexican League,,F20350,Hernandez,Jav.,0,Poza Rica,,,,,2b15
minoraverages/1967TSN,1966,Mexican League,,F20648,Hernandez,R.,0,Mexico City Reds,,,,,ss20
minoraverages/1967TSN,1966,Mexican League,,F20829,Hernandez,J.L.,0,Mexico City Tigers,,,,,of57
minoraverages/1967TSN,1966,Mexican League,,F21381,Hernandez,E.,0,Monterrey,,,,,p40
minoraverages/1967TSN,1966,Mexican League,,F21811,Hernandez,M.,0,Puebla,,,,,p23
minoraverages/1967TSN,1966,Mexican League,,F21912,Hernandez,Just.,0,Poza Rica,,,,,p54
minoraverages/1967TSN,1966,Mexican League,,P10550,Hernandez,E.,0,Monterrey,,,,40,
minoraverages/1967TSN,1966,Mexican League,,P10569,Hernandez,Juan,0,Puebla,,,,1,
minoraverages/1967TSN,1966,Mexican League,,P10575,Hernandez,Just.,0,Poza Rica,,,,54,
minoraverages/1967TSN,1966,Mexican League,,P10588,Hernandez,M.,0,Puebla,,,,23,
minoraverages/1967TSN,1966,Mexican League,,B01170,Hernandez de la F.,Javier,0,Poza Rica,,,17,,
minoraverages/1967TSN,1966,Mexican League,,B01242,Herrera,Roberto,0,Reynosa,,,46,,
minoraverages/1967TSN,1966,Mexican League,,F20177,Herrera,,0,Reynosa,,,,,1b12
minoraverages/1967TSN,1966,Mexican League,,F21196,Herrera,,0,Reynosa,,,,,c20
minoraverages/1967TSN,1966,Mexican League,,M90039,Herrera,Tomas,,Mexico City Reds,,,,,
minoraverages/1967TSN,1966,Mexican League,,M90052,Herrera,Tomas,,Mexico City Reds,19660611,,,,
minoraverages/emilbb,1966,Mexican League,,M90301,Herrera,Tomas,,Mexico City Reds,,,,,
minoraverages/1967TSN,1966,Mexican League,,B01250,Howden,Huey,0,Puebla,,,7,,
minoraverages/1967TSN,1966,Mexican League,,P10591,Howden,,0,Puebla,,,,7,
minoraverages/1967TSN,1966,Mexican League,,B01269,Huerta,Hector,0,Mexico City Tigers,,,4,,
minoraverages/1967TSN,1966,Mexican League,,B01275,Hurtado,Ruben,0,Reynosa,,,15,,
minoraverages/1967TSN,1966,Mexican League,,F20636,Hurtado,,0,Reynosa,,,,,ss15
minoraverages/1967TSN,1966,Mexican League,,B01288,Imbert,Julio Cesar,0,Jalisco,,,35,,
minoraverages/1967TSN,1966,Mexican League,,F22103,Imbert,,0,Jalisco,,,,,p35
minoraverages/1967TSN,1966,Mexican League,,P10606,Imbert,,0,Jalisco,,,,35,
minoraverages/1967TSN,1966,Mexican League,,B01291,Jimenez,Rogelio,0,Poza Rica,,,137,,
minoraverages/1967TSN,1966,Mexican League,,F20375,Jimenez,,0,Poza Rica,,,,,2b81
minoraverages/1967TSN,1966,Mexican League,,F20612,Jimenez,,0,Poza Rica,,,,,ss13
minoraverages/1967TSN,1966,Mexican League,,B01300,Joachin,Alberto,0,Reynosa,,,35,,
minoraverages/1967TSN,1966,Mexican League,,F21718,Joachin,,0,Reynosa,,,,,p27
minoraverages/1967TSN,1966,Mexican League,,P10611,Joachin,,0,Reynosa,,,,27,
minoraverages/1967TSN,1966,Mexican League,,B01313,Leal,Felipe,0,Mexico City Reds,,,49,,
minoraverages/1967TSN,1966,Mexican League,,B01321,Leal,Jose Maria,0,Poza Rica,,,102,,
minoraverages/1967TSN,1966,Mexican League,,B01337,Leal,Roberto,0,Monterrey,,,29,,
minoraverages/1967TSN,1966,Mexican League,,F20810,Leal,J.M.,0,Poza Rica,,,,,of71
minoraverages/1967TSN,1966,Mexican League,,F21434,Leal,R.,0,Monterrey,,,,,p29
minoraverages/1967TSN,1966,Mexican League,,F21646,Leal,F.,0,Mexico City Reds,,,,,p39
minoraverages/1967TSN,1966,Mexican League,,P10622,Leal,F.,0,Mexico City Reds,,,,39,
minoraverages/1967TSN,1966,Mexican League,,P10633,Leal,R.,0,Monterrey,,,,29,
minoraverages/1967TSN,1966,Mexican League,,B01345,Lechler,Jesus,0,Veracruz,,,5,,
minoraverages/1967TSN,1966,Mexican League,,B01359,Leija,Juan,0,Poza Rica,,,10,,
minoraverages/1967TSN,1966,Mexican League,,B01368,Leyva,Jose,0,Mexico City Tigers,,,49,,
minoraverages/1967TSN,1966,Mexican League,,F21794,Leyva,,0,Mexico City Tigers,,,,,p45
minoraverages/1967TSN,1966,Mexican League,,P10640,Leyva,,0,Mexico City Tigers,,,,45,
minoraverages/1967TSN,1966,Mexican League,,B01376,Lizarraga,Roberto,0,Mexico City Reds,,,104,,
minoraverages/1967TSN,1966,Mexican League,,F21117,Lizarraga,,0,Mexico City Reds,,,,,of95
minoraverages/1967TSN,1966,Mexican League,,B01384,Lopez,David,0,Reynosa,,,31,,
minoraverages/1967TSN,1966,Mexican League,,B01392,Lopez,Jose Ramon,0,Monterrey,,,54,,
minoraverages/1967TSN,1966,Mexican League,,B01402,Lopez,Liborio,0,Veracruz,,,5,,
minoraverages/1967TSN,1966,Mexican League,,B01415,Lopez,Lorenzo,0,Monterrey,,,132,,
minoraverages/1967TSN,1966,Mexican League,,B01428,Lopez,Manuel,0,Jalisco,,,114,,
minoraverages/1967TSN,1966,Mexican League,,F20369,Lopez,M.,0,Jalisco,,,,,2b110
minoraverages/1967TSN,1966,Mexican League,,F20792,Lopez,Lor.,0,Monterrey,,,,,of131
minoraverages/1967TSN,1966,Mexican League,,F21450,Lopez,D.,0,Reynosa,,,,,p24
minoraverages/1967TSN,1966,Mexican League,,F21973,Lopez,J. R.,0,Monterrey,,,,,p47
minoraverages/1967TSN,1966,Mexican League,,P10654,Lopez,D.,0,Reynosa,,,,24,
minoraverages/1967TSN,1966,Mexican League,,P10665,Lopez,J. R.,0,Monterrey,,,,47,
minoraverages/1967TSN,1966,Mexican League,,P10679,Lopez,Lib.,0,Veracruz,,,,5,
minoraverages/1967TSN,1966,Mexican League,,B01431,Lopez P.,Rigoberto,0,Reynosa,,,21,,
minoraverages/1967TSN,1966,Mexican League,,F22061,Lopez P.,R.,0,Reynosa,,,,,p21
minoraverages/1967TSN,1966,Mexican League,,P10687,Lopez P.,R.,0,Reynosa,,,,21,
minoraverages/1967TSN,1966,Mexican League,,B01444,Loya,Raymond,0,Jalisco,,,11,,
minoraverages/1967TSN,1966,Mexican League,,F21515,Loya,,0,Jalisco,,,,,p11
minoraverages/1967TSN,1966,Mexican League,,P10698,Loya,,0,Jalisco,,,,11,
minoraverages/1967TSN,1966,Mexican League,,B01453,Lugo,Gabriel,0,Jalisco,,,3,,
minoraverages/1967TSN,1966,Mexican League,,B01466,Lugo,Manuel,0,Jalisco,,,2,,
minoraverages/1967TSN,1966,Mexican League,,P10709,Lugo,M.,0,Jalisco,,,,2,
minoraverages/1967TSN,1966,Mexican League,,B01477,Luque,Gregorio,0,Mexico City Tigers,,,122,,
minoraverages/1967TSN,1966,Mexican League,,F21335,Luque,,0,Mexico City Tigers,,,,,c120
minoraverages/1967TSN,1966,Mexican League,,B01489,Macias,Angel,0,Reynosa,,,128,,
minoraverages/1967TSN,1966,Mexican League,,F21084,Macias,,0,Reynosa,,,,,of119
minoraverages/1967TSN,1966,Mexican League,,B01490,Malpica,Luis,0,Veracruz,,,40,,
minoraverages/1967TSN,1966,Mexican League,,F21999,Malpica,,0,Veracruz,,,,,p40
minoraverages/1967TSN,1966,Mexican League,,P10714,Malpica,,0,Veracruz,,,,40,
minoraverages/1967TSN,1966,Mexican League,,B01509,Mariscal,Alfredo,0,Puebla,,,32,,
minoraverages/1967TSN,1966,Mexican League,,F22004,Mariscal,,0,Puebla,,,,,p31
minoraverages/1967TSN,1966,Mexican League,,P10723,Mariscal,,0,Puebla,,,,31,
minoraverages/1967TSN,1966,Mexican League,,B01514,Martinez,Ignacio,0,Veracruz,,,3,,
minoraverages/1967TSN,1966,Mexican League,,B01523,Martinez,Ricardo,0,Reynosa,,,15,,
minoraverages/1967TSN,1966,Mexican League,,P10738,Martinez,I.,0,Veracruz,,,,3,
minoraverages/1967TSN,1966,Mexican League,,B01538,Medina,David,0,Poza Rica,,,20,,
minoraverages/1967TSN,1966,Mexican League,,F20417,Medina,,0,Poza Rica,,,,,2b18
minoraverages/1967TSN,1966,Mexican League,,B01546,Mena,Rigoberto,0,Monterrey,,,123,,
minoraverages/1967TSN,1966,Mexican League,,F20474,Mena,,0,Monterrey,,,,,ss123
minoraverages/1967TSN,1966,Mexican League,,B01551,Mendez,Roberto,0,Jalisco,,,9,,
minoraverages/1967TSN,1966,Mexican League,,B01567,Mendia,Homero,0,Monterrey,,,13,,
minoraverages/1967TSN,1966,Mexican League,,F21590,Mendia,,0,Monterrey,,,,,p13
minoraverages/1967TSN,1966,Mexican League,,P10746,Mendia,,0,Monterrey,,,,13,
minoraverages/1967TSN,1966,Mexican League,,B01572,Mendoza,Saul,0,Poza Rica,,,10,,
minoraverages/1967TSN,1966,Mexican League,,F20594,Mendoza,,0,Poza Rica,,,,,ss10
minoraverages/1967TSN,1966,Mexican League,,B01580,Minoso,Orestes,0,Jalisco,,,107,,
minoraverages/1967TSN,1966,Mexican League,,F20131,Minoso,,0,Jalisco,,,,,1b100
minoraverages/1967TSN,1966,Mexican League,,B01595,Montemayor,Felipe,0,Monterrey,,,66,,
minoraverages/1967TSN,1966,Mexican League,,F20144,Montemayor,,0,Monterrey,,,,,1b46
minoraverages/1967TSN,1966,Mexican League,,B01601,Montes de Oca,P. Pablo,0,Reynosa,,,8,,
minoraverages/1967TSN,1966,Mexican League,,P10751,Montes de Oca,,0,Reynosa,,,,8,
minoraverages/1967TSN,1966,Mexican League,,B01617,Montoya,Ramon,0,Mexico City Reds,,,134,,
minoraverages/1967TSN,1966,Mexican League,,B01625,Montoya,Raul,0,Reynosa,,,49,,
minoraverages/1967TSN,1966,Mexican League,,F20908,Montoya,Ram.,0,Mexico City Reds,,,,,of130
minoraverages/1967TSN,1966,Mexican League,,B01630,Morejon,Daniel,0,Puebla,,,103,,
minoraverages/1967TSN,1966,Mexican League,,F20919,Morejon,,0,Puebla,,,,,of94
minoraverages/1967TSN,1966,Mexican League,,B01649,Moreno,Antonio,0,Mexico City Reds,,,74,,
minoraverages/1967TSN,1966,Mexican League,,B01658,Moreno,Julio,0,Puebla,,,38,,
minoraverages/1967TSN,1966,Mexican League,,F21936,Moreno,J.,0,Puebla,,,,,p38
minoraverages/1967TSN,1966,Mexican League,,P10767,Moreno,J.,0,Puebla,,,,38,
minoraverages/1967TSN,1966,Mexican League,,B01663,Murillo,Armando,0,Mexico City Tigers,,,122,,
minoraverages/1967TSN,1966,Mexican League,,B01674,Murillo,Sergio,0,Monterrey,,,27,,
minoraverages/1967TSN,1966,Mexican League,,F20425,Murillo,A.,0,Mexico City Tigers,,,,,2b18
minoraverages/1967TSN,1966,Mexican League,,F22142,Murillo,S.,0,Monterrey,,,,,p27
minoraverages/1967TSN,1966,Mexican League,,P10772,Murillo,S.,0,Monterrey,,,,27,
minoraverages/1967TSN,1966,Mexican League,,B01682,Murrieta,Carlos,0,Puebla,,,71,,
minoraverages/1967TSN,1966,Mexican League,,F20768,Negrete,,0,Mexico City Tigers,,,,,of52
minoraverages/1967TSN,1966,Mexican League,,B01696,Negrete N.,Jorge,0,Mexico City Tigers,,,72,,
minoraverages/1967TSN,1966,Mexican League,,B01706,Ochoa,Raul,0,Puebla,,,1,,
minoraverages/1967TSN,1966,Mexican League,,F22188,Olguin,,0,Veracruz,,,,,p15
minoraverages/1967TSN,1966,Mexican League,,P10780,Olguin,,0,Veracruz,,,,15,
minoraverages/1967TSN,1966,Mexican League,,B01711,Orozco,Victor,0,Mexico City Tigers,,,5,,
minoraverages/1967TSN,1966,Mexican League,,B01722,Ortega,Luciano,0,Poza Rica,,,2,,
minoraverages/1967TSN,1966,Mexican League,,P10795,Ortega,,0,Poza Rica,,,,2,
minoraverages/1967TSN,1966,Mexican League,,B01733,Ortiz,Alfredo,0,Mexico City Reds,,,41,,
minoraverages/1967TSN,1966,Mexican League,,B01740,Ortiz,Roberto,0,Veracruz,,,123,,
minoraverages/1967TSN,1966,Mexican League,,B01754,Ortiz,Pedro,0,Monterrey,,,3,,
minoraverages/1967TSN,1966,Mexican League,,F20539,Ortiz,R.,0,Veracruz,,,,,ss104
minoraverages/1967TSN,1966,Mexican League,,F20661,Ortiz,R.,0,Veracruz,,,,,3b17
minoraverages/1967TSN,1966,Mexican League,,F21672,Ortiz,A.,0,Mexico City Reds,,,,,p33
minoraverages/1967TSN,1966,Mexican League,,P10805,Ortiz,A.,0,Mexico City Reds,,,,33,
minoraverages/1967TSN,1966,Mexican League,,P10818,Ortiz,P.,0,Monterrey,,,,3,
minoraverages/1967TSN,1966,Mexican League,,B01765,Osorio,Alberto,0,Veracruz,,,20,,
minoraverages/1967TSN,1966,Mexican League,,F21783,Osorio,,0,Veracruz,,,,,p20
minoraverages/1967TSN,1966,Mexican League,,P10826,Osorio,,0,Veracruz,,,,20,
minoraverages/1967TSN,1966,Mexican League,,B01779,Osuna,Elpidio,0,Poza Rica,,,113,,
minoraverages/1967TSN,1966,Mexican League,,F20832,Osuna,,0,Poza Rica,,,,,of103
minoraverages/1967TSN,1966,Mexican League,,M90110,Palafox,Alberto,,Reynosa,,,,,
minoraverages/emilbb,1966,Mexican League,,M90358,Palafox,Alberto,,Reynosa,,,,,
minoraverages/1967TSN,1966,Mexican League,,B01787,Palomino,Alfredo,0,Mexico City Reds,,,89,,
minoraverages/1967TSN,1966,Mexican League,,F20935,Palomino,,0,Mexico City Reds,,,,,of66
minoraverages/1967TSN,1966,Mexican League,,B01798,Paredes,Rene,0,Monterrey,,,26,,
minoraverages/1967TSN,1966,Mexican League,,F21397,Paredes,,0,Monterrey,,,,,p25
minoraverages/1967TSN,1966,Mexican League,,P10839,Paredes,,0,Monterrey,,,,25,
minoraverages/1967TSN,1966,Mexican League,,B01804,Parra,Raymundo,0,Reynosa,,,10,,
minoraverages/1967TSN,1966,Mexican League,,F21577,Parra,,0,Reynosa,,,,,p10
minoraverages/1967TSN,1966,Mexican League,,P10847,Parra,,0,Reynosa,,,,10,
minoraverages/1967TSN,1966,Mexican League,,B01812,Payan,Daniel,0,Reynosa,,,7,,
minoraverages/1967TSN,1966,Mexican League,,B01820,Pelaez,Mario,0,Mexico City Reds,,,34,,
minoraverages/1967TSN,1966,Mexican League,,F21475,Pelaez,,0,Mexico City Reds,,,,,p34
minoraverages/1967TSN,1966,Mexican League,,P10852,Pelaez,,0,Mexico City Reds,,,,34,
minoraverages/1967TSN,1966,Mexican League,,B01836,Pena,Jose,0,Mexico City Tigers,,,38,,
minoraverages/1967TSN,1966,Mexican League,,F22012,Pena,,0,Mexico City Tigers,,,,,p37
minoraverages/1967TSN,1966,Mexican League,,P10860,Pena,,0,Mexico City Tigers,,,,37,
minoraverages/1967TSN,1966,Mexican League,,B01848,Peralta,Luis,0,Mexico City Reds,,,91,,
minoraverages/1967TSN,1966,Mexican League,,F21092,Peralta,,0,Mexico City Reds,,,,,of58
minoraverages/1967TSN,1966,Mexican League,,P10871,Pereira,,0,Mexico City Tigers,,,,3,
minoraverages/1967TSN,1966,Mexican League,,B01857,Pereyra,Miguel,0,Mexico City Tigers,,,4,,
minoraverages/1967TSN,1966,Mexican League,,B01861,Perez,Eusebio,1,Veracruz,,,12,,
minoraverages/1967TSN,1966,Mexican League,,B01861,Perez,Eusebio,2,Poza Rica,,,18,,
minoraverages/1967TSN,1966,Mexican League,,B01861,Perez,Eusebio,T,,,,30,,
minoraverages/1967TSN,1966,Mexican League,,F21442,Perez,,1,Veracruz,,,,,p
minoraverages/1967TSN,1966,Mexican League,,F21442,Perez,,2,Poza Rica,,,,,p
minoraverages/1967TSN,1966,Mexican League,,F21442,Perez,,T,,,,,,p26
minoraverages/1967TSN,1966,Mexican League,,P10883,Perez,,1,Veracruz,,,,9,
minoraverages/1967TSN,1966,Mexican League,,P10883,Perez,,2,Poza Rica,,,,17,
minoraverages/1967TSN,1966,Mexican League,,P10883,Perez,,T,,,,,26,
minoraverages/1967TSN,1966,Mexican League,,B01873,Plascencia,Obed,0,Mexico City Tigers,,,111,,
minoraverages/1967TSN,1966,Mexican League,,F20080,Plascencia,,0,Mexico City Tigers,,,,,1b32
minoraverages/1967TSN,1966,Mexican League,,F21101,Plascencia,,0,Mexico City Tigers,,,,,of42
minoraverages/1967TSN,1966,Mexican League,,B01899,Pollorena,Antonio,0,Jalisco,,,35,,
minoraverages/1967TSN,1966,Mexican League,,F21898,Pollorena,,0,Jalisco,,,,,p35
minoraverages/1967TSN,1966,Mexican League,,P10901,Pollorena,,0,Jalisco,,,,35,
minoraverages/1967TSN,1966,Mexican League,,B01885,Polo,Gregorio,0,Mexico City Tigers,,,41,,
minoraverages/1967TSN,1966,Mexican League,,F21887,Polo,,0,Mexico City Tigers,,,,,p41
minoraverages/1967TSN,1966,Mexican League,,P10894,Polo,,0,Mexico City Tigers,,,,41,
minoraverages/1967TSN,1966,Mexican League,,B01905,Ponce,Manuel,0,Mexico City Tigers,,,141,,
minoraverages/1967TSN,1966,Mexican League,,F21076,Ponce,,0,Mexico City Tigers,,,,,of141
minoraverages/1967TSN,1966,Mexican League,,B01918,Preciado,Alfonso,0,Poza Rica,,,59,,
minoraverages/1967TSN,1966,Mexican League,,F20391,Preciado,,0,Poza Rica,,,,,2b14
minoraverages/1967TSN,1966,Mexican League,,F20604,Preciado,,0,Poza Rica,,,,,ss14
minoraverages/1967TSN,1966,Mexican League,,F21059,Preciado,,0,Poza Rica,,,,,of17
minoraverages/1967TSN,1966,Mexican League,,B01926,Prescott,George,0,Poza Rica,,,140,,
minoraverages/1967TSN,1966,Mexican League,,F20128,Prescott,,0,Poza Rica,,,,,1b98
minoraverages/1967TSN,1966,Mexican League,,F20685,Prescott,,0,Poza Rica,,,,,3b38
minoraverages/1967TSN,1966,Mexican League,,B01939,Prout,William,0,Reynosa,,,21,,
minoraverages/1967TSN,1966,Mexican League,,F21985,Prout,,0,Reynosa,,,,,p21
minoraverages/1967TSN,1966,Mexican League,,P10917,Prout,,0,Reynosa,,,,21,
minoraverages/1967TSN,1966,Mexican League,,B01947,Puente,Genaro,0,Monterrey,,,32,,
minoraverages/1967TSN,1966,Mexican League,,B01952,Ramirez,Alfredo,0,Poza Rica,,,25,,
minoraverages/1967TSN,1966,Mexican League,,B01960,Ramirez,Cruz,0,Veracruz,,,10,,
minoraverages/1967TSN,1966,Mexican League,,B01971,Ramirez,Francisco,0,Monterrey,,,30,,
minoraverages/1967TSN,1966,Mexican League,,B01983,Ramirez,Mario,0,Jalisco,,,44,,
minoraverages/1967TSN,1966,Mexican League,,F20430,Ramirez,M.,0,Jalisco,,,,,2b19
minoraverages/1967TSN,1966,Mexican League,,F20620,Ramirez,A.,0,Poza Rica,,,,,ss25
minoraverages/1967TSN,1966,Mexican League,,F21149,Ramirez,M.,0,Jalisco,,,,,of21
minoraverages/1967TSN,1966,Mexican League,,F21879,Ramirez,F.,0,Monterrey,,,,,p30
minoraverages/1967TSN,1966,Mexican League,,M90132,Ramirez,Carlos,,Reynosa,19660530,,,,
minoraverages/1967TSN,1966,Mexican League,,P10925,Ramirez,F.,0,Monterrey,,,,30,
minoraverages/1967TSN,1966,Mexican League,,B01994,Ramos,Roman,0,Puebla,,,47,,
minoraverages/1967TSN,1966,Mexican League,,F21752,Ramos,,0,Puebla,,,,,p47
minoraverages/1967TSN,1966,Mexican League,,P10930,Ramos,,0,Puebla,,,,47,
minoraverages/1967TSN,1966,Mexican League,,B02008,Remes,Fernando,0,Mexico City Tigers,,,133,,
minoraverages/1967TSN,1966,Mexican League,,F20463,Remes,,0,Mexico City Tigers,,,,,ss133
minoraverages/1967TSN,1966,Mexican League,,B02019,Retamosa,Cosme,0,Mexico City Reds,,,26,,
minoraverages/1967TSN,1966,Mexican League,,F21207,Retamosa,,0,Mexico City Reds,,,,,c15
minoraverages/1967TSN,1966,Mexican League,,B02024,Reyes,Benjamin,0,Jalisco,,,107,,
minoraverages/1967TSN,1966,Mexican League,,F20924,Reyes,,0,Jalisco,,,,,of80
minoraverages/1967TSN,1966,Mexican League,,P10949,Reyes,,0,Jalisco,,,,1,
minoraverages/1967TSN,1966,Mexican League,,B02035,Rios,Alfredo,0,Monterrey,,,123,,
minoraverages/1967TSN,1966,Mexican League,,B02043,Rios,Francisco,0,Mexico City Reds,,,15,,
minoraverages/1967TSN,1966,Mexican League,,F20254,Rios,A.,0,Monterrey,,,,,2b22
minoraverages/1967TSN,1966,Mexican League,,F20713,Rios,A.,0,Monterrey,,,,,3b99
minoraverages/1967TSN,1966,Mexican League,,F21528,Rios,F.,0,Mexico City Reds,,,,,p15
minoraverages/1967TSN,1966,Mexican League,,P10958,Rios,F.,0,Mexico City Reds,,,,15,
minoraverages/1967TSN,1966,Mexican League,,B02062,Rivas,Francisco,1,Jalisco,,,11,,
minoraverages/1967TSN,1966,Mexican League,,B02062,Rivas,Francisco,2,Reynosa,,,17,,
minoraverages/1967TSN,1966,Mexican League,,B02062,Rivas,Francisco,T,,,,28,,
minoraverages/1967TSN,1966,Mexican League,,F21865,Rivas,,1,Jalisco,,,,,p
minoraverages/1967TSN,1966,Mexican League,,F21865,Rivas,,2,Reynosa,,,,,p
minoraverages/1967TSN,1966,Mexican League,,F21865,Rivas,,T,,,,,,p19
minoraverages/1967TSN,1966,Mexican League,,P10963,Rivas,,1,Jalisco,,,,8,
minoraverages/1967TSN,1966,Mexican League,,P10963,Rivas,,2,Reynosa,,,,11,
minoraverages/1967TSN,1966,Mexican League,,P10963,Rivas,,T,,,,,19,
minoraverages/1967TSN,1966,Mexican League,,B02070,Rivera,Domingo,1,Poza Rica,,,62,,
minoraverages/1967TSN,1966,Mexican League,,B02070,Rivera,Domingo,2,Jalisco,,,22,,
minoraverages/1967TSN,1966,Mexican League,,B02070,Rivera,Domingo,T,,,,84,,
minoraverages/1967TSN,1966,Mexican League,,B02081,Rivera,Florencio,0,Jalisco,,,10,,
minoraverages/1967TSN,1966,Mexican League,,B02097,Rivera,Rodolfo,0,Reynosa,,,11,,
minoraverages/1967TSN,1966,Mexican League,,F20342,Rivera,D.,1,Poza Rica,,,,,2b
minoraverages/1967TSN,1966,Mexican League,,F20342,Rivera,D.,2,Jalisco,,,,,2b
minoraverages/1967TSN,1966,Mexican League,,F20342,Rivera,D.,T,,,,,,2b19
minoraverages/1967TSN,1966,Mexican League,,F20560,Rivera,D.,1,Poza Rica,,,,,ss
minoraverages/1967TSN,1966,Mexican League,,F20560,Rivera,D.,2,Jalisco,,,,,ss
minoraverages/1967TSN,1966,Mexican League,,F20560,Rivera,D.,T,,,,,,ss53
minoraverages/1967TSN,1966,Mexican League,,F21609,Rivera,F.,0,Jalisco,,,,,p10
minoraverages/1967TSN,1966,Mexican League,,F22214,Rivera,R.,0,Reynosa,,,,,p10
minoraverages/1967TSN,1966,Mexican League,,P10974,Rivera,F.,0,Jalisco,,,,10,
minoraverages/1967TSN,1966,Mexican League,,P10982,Rivera,R.,0,Reynosa,,,,10,
minoraverages/1967TSN,1966,Mexican League,,B02056,Rivera R.,Andres,0,Jalisco,,,134,,
minoraverages/1967TSN,1966,Mexican League,,F20878,Rivera R.,A.,0,Jalisco,,,,,of133
minoraverages/1967TSN,1966,Mexican League,,B02100,Robles,Jesus,0,Mexico City Tigers,,,20,,
minoraverages/1967TSN,1966,Mexican League,,F21469,Robles,,0,Mexico City Tigers,,,,,p19
minoraverages/1967TSN,1966,Mexican League,,P10996,Robles,,0,Mexico City Tigers,,,,19,
minoraverages/1967TSN,1966,Mexican League,,B02113,Rocha,Mauro,0,Poza Rica,,,12,,
minoraverages/1967TSN,1966,Mexican League,,F21163,Rocha,,0,Poza Rica,,,,,of10
minoraverages/1967TSN,1966,Mexican League,,B02121,Rodriguez,Aurelio,0,Jalisco,,,135,,
minoraverages/1967TSN,1966,Mexican League,,B02137,Rodriguez,Hector,0,Poza Rica,,,1,,
minoraverages/1967TSN,1966,Mexican League,,B02145,Rodriguez,Jose,0,Monterrey,,,140,,
minoraverages/1967TSN,1966,Mexican League,,B02159,Rodriguez,Oscar,0,Puebla,,,136,,
minoraverages/1967TSN,1966,Mexican League,,F20776,Rodriguez,J.,0,Monterrey,,,,,of140
minoraverages/1967TSN,1966,Mexican League,,F20893,Rodriguez,O.,0,Puebla,,,,,of125
minoraverages/1967TSN,1966,Mexican League,,F21370,Rodriguez,O.,0,Puebla,,,,,c12
minoraverages/1967TSN,1966,Mexican League,,P11009,Rodriguez,H.,0,Poza Rica,,,,1,
minoraverages/1967TSN,1966,Mexican League,,B02168,Rojo,Enrique,0,Veracruz,,,3,,
minoraverages/1967TSN,1966,Mexican League,,P11014,Rojo,,0,Veracruz,,,,3,
minoraverages/1967TSN,1966,Mexican League,,B02176,Romo,Rene,0,Jalisco,,,20,,
minoraverages/1967TSN,1966,Mexican League,,B02184,Romo,Vicente,0,Mexico City Tigers,,,39,,
minoraverages/1967TSN,1966,Mexican League,,F21427,Romo,R.,0,Jalisco,,,,,p20
minoraverages/1967TSN,1966,Mexican League,,F22057,Romo,V.,0,Mexico City Tigers,,,,,p38
minoraverages/1967TSN,1966,Mexican League,,P11023,Romo,R.,0,Jalisco,,,,20,
minoraverages/1967TSN,1966,Mexican League,,P11038,Romo,V.,0,Mexico City Tigers,,,,38,
minoraverages/1967TSN,1966,Mexican League,,B02192,Rosales,Jesus,0,Veracruz,,,46,,
minoraverages/1967TSN,1966,Mexican League,,F20943,Rosales,,0,Veracruz,,,,,of41
minoraverages/1967TSN,1966,Mexican League,,B02202,Rubio,Antonio,0,Mexico City Reds,,,2,,
minoraverages/1967TSN,1966,Mexican League,,B02215,Rubio,Ramiro,0,Mexico City Tigers,,,121,,
minoraverages/1967TSN,1966,Mexican League,,F20962,Rubio,R.,0,Mexico City Tigers,,,,,of115
minoraverages/1967TSN,1966,Mexican League,,B02228,Ruelas,Heriberto,0,Mexico City Reds,,,18,,
minoraverages/1967TSN,1966,Mexican League,,F22150,Ruelas,,0,Mexico City Reds,,,,,p18
minoraverages/1967TSN,1966,Mexican League,,P11046,Ruelas,,0,Mexico City Reds,,,,18,
minoraverages/1967TSN,1966,Mexican League,,B02231,Ruiz,Ildefonso,0,Veracruz,,,108,,
minoraverages/1967TSN,1966,Mexican League,,B02244,Ruiz,Jose,0,Veracruz,,,30,,
minoraverages/1967TSN,1966,Mexican League,,B02253,Ruiz,Mauro,0,Puebla,,,58,,
minoraverages/1967TSN,1966,Mexican League,,F20102,Ruiz,I.,0,Veracruz,,,,,1b100
minoraverages/1967TSN,1966,Mexican League,,F20505,Ruiz,J.,0,Veracruz,,,,,ss24
minoraverages/1967TSN,1966,Mexican League,,F21948,Ruiz,M.,0,Puebla,,,,,p58
minoraverages/1967TSN,1966,Mexican League,,P11051,Ruiz,M.,0,Puebla,,,,58,
minoraverages/1967TSN,1966,Mexican League,,B02266,Salas,Jaime,0,Mexico City Reds,,,1,,
minoraverages/1967TSN,1966,Mexican League,,B02277,Salinas,Hilario,0,Veracruz,,,133,,
minoraverages/1967TSN,1966,Mexican League,,F20956,Salinas,,0,Veracruz,,,,,of131
minoraverages/1967TSN,1966,Mexican League,,B02289,Sanchez,Carlos,0,Mexico City Reds,,,23,,
minoraverages/1967TSN,1966,Mexican League,,B02290,Sanchez,Celerino,0,Mexico City Tigers,,,10,,
minoraverages/1967TSN,1966,Mexican League,,B02304,Sanchez,Filiberto,0,Mexico City Reds,,,2,,
minoraverages/1967TSN,1966,Mexican League,,B02312,Sanchez,Salvador,0,Reynosa,,,2,,
minoraverages/1967TSN,1966,Mexican League,,P11067,Sanchez,Carl,0,Mexico City Reds,,,,23,
minoraverages/1967TSN,1966,Mexican League,,P11072,Sanchez,S.,0,Reynosa,,,,2,
minoraverages/1967TSN,1966,Mexican League,,B02320,Sandoval,Carlos,0,Mexico City Reds,,,54,,
minoraverages/1967TSN,1966,Mexican League,,B02336,Sandoval,Rodolfo,0,Reynosa,,,124,,
minoraverages/1967TSN,1966,Mexican League,,B02348,Sandoval,Rodrigo,0,Poza Rica,,,39,,
minoraverages/1967TSN,1966,Mexican League,,F21264,Sandoval,Rodolfo,0,Reynosa,,,,,c117
minoraverages/1967TSN,1966,Mexican League,,F22036,Sandoval,Rodrigo,0,Poza Rica,,,,,p39
minoraverages/1967TSN,1966,Mexican League,,P11080,Sandoval,Rodrigo,0,Poza Rica,,,,39,
minoraverages/1967TSN,1966,Mexican League,,B02357,Sanudo,Hector,0,Poza Rica,,,50,,
minoraverages/1967TSN,1966,Mexican League,,F20721,Sanudo,,0,Poza Rica,,,,,3b46
minoraverages/1967TSN,1966,Mexican League,,F22169,Sauchez,Carl,0,Mexico City Reds,,,,,p23
minoraverages/1967TSN,1966,Mexican League,,B02361,Schaive,John,1,Reynosa,,,52,,
minoraverages/1967TSN,1966,Mexican League,,B02361,Schaive,John,2,Monterrey,,,74,,
minoraverages/1967TSN,1966,Mexican League,,B02361,Schaive,John,T,,,,126,,
minoraverages/1967TSN,1966,Mexican League,,F20303,Schaive,,1,Reynosa,,,,,2b
minoraverages/1967TSN,1966,Mexican League,,F20303,Schaive,,2,Monterrey,,,,,2b
minoraverages/1967TSN,1966,Mexican League,,F20303,Schaive,,T,,,,,,2b112
minoraverages/1967TSN,1966,Mexican League,,M90129,Schiave,John,,Reynosa,19660329,,,,
minoraverages/emilbb,1966,Mexican League,,M90363,Schiave,John,,Reynosa,,,,,
minoraverages/1967TSN,1966,Mexican League,,B02373,Scull,Angel,0,Poza Rica,,,139,,
minoraverages/1967TSN,1966,Mexican League,,F21125,Scull,,0,Poza Rica,,,,,of133
minoraverages/1967TSN,1966,Mexican League,,B02385,Solano,Horacio,0,Mexico City Tigers,,,10,,
minoraverages/1967TSN,1966,Mexican League,,F21623,Solano,,0,Mexico City Tigers,,,,,p10
minoraverages/1967TSN,1966,Mexican League,,P11095,Solano,,0,Mexico City Tigers,,,,10,
minoraverages/1967TSN,1966,Mexican League,,B02399,Soqui,Ruben,0,Mexico City Reds,,,4,,
minoraverages/1967TSN,1966,Mexican League,,P11102,Soqui,,0,Mexico City Reds,,,,4,
minoraverages/1967TSN,1966,Mexican League,,B02407,Sosa,Emilio,0,Poza Rica,,,105,,
minoraverages/1967TSN,1966,Mexican League,,F20807,Sosa,,0,Poza Rica,,,,,of105
minoraverages/1967TSN,1966,Mexican League,,B02410,Sotelo,Miguel,0,Puebla,,,28,,
minoraverages/1967TSN,1966,Mexican League,,F21739,Sotelo,,0,Puebla,,,,,p28
minoraverages/1967TSN,1966,Mexican League,,P11115,Sotelo,,0,Puebla,,,,28,
minoraverages/1967TSN,1966,Mexican League,,B02429,Soto,Jose,0,Poza Rica,,,49,,
minoraverages/1967TSN,1966,Mexican League,,F21833,Soto,,0,Poza Rica,,,,,p41
minoraverages/1967TSN,1966,Mexican League,,P11128,Soto,,0,Poza Rica,,,,41,
minoraverages/1967TSN,1966,Mexican League,,B02432,Spahn,Warren,0,Mexico City Tigers,,,3,,
minoraverages/1967TSN,1966,Mexican League,,P11131,Spahn,,0,Mexico City Tigers,,,,3,
minoraverages/1967TSN,1966,Mexican League,,B02441,Suby,Juan,0,Jalisco,,,50,,
minoraverages/1967TSN,1966,Mexican League,,F21806,Suby,,0,Jalisco,,,,,p50
minoraverages/1967TSN,1966,Mexican League,,P11144,Suby,,0,Jalisco,,,,50,
minoraverages/1967TSN,1966,Mexican League,,M90047,Tanaka,Andres,,Mexico City Reds,19660523,,,,
minoraverages/1967TSN,1966,Mexican League,,B02455,Trevino,Carlos,0,Mexico City Reds,,,120,,
minoraverages/1967TSN,1966,Mexican League,,B02464,Trevino,Ricardo,0,Monterrey,,,78,,
minoraverages/1967TSN,1966,Mexican League,,F20014,Trevino,R.,0,Monterrey,,,,,1b10
minoraverages/1967TSN,1966,Mexican League,,F20067,Trevino,C.,0,Mexico City Reds,,,,,1b112
minoraverages/1967TSN,1966,Mexican League,,F20864,Trevino,R.,0,Monterrey,,,,,of37
minoraverages/1967TSN,1966,Mexican League,,B02478,Urbano,Hector,0,Veracruz,,,42,,
minoraverages/1967TSN,1966,Mexican League,,F21854,Urbano,,0,Veracruz,,,,,p39
minoraverages/1967TSN,1966,Mexican League,,P11153,Urbano,,0,Veracruz,,,,39,
minoraverages/1967TSN,1966,Mexican League,,B02486,Urias,Eladio,0,Puebla,,,92,,
minoraverages/1967TSN,1966,Mexican League,,F20970,Urias,,0,Puebla,,,,,of85
minoraverages/1967TSN,1966,Mexican League,,B02493,Uzcanga,Lazaro,0,Reynosa,,,50,,
minoraverages/1967TSN,1966,Mexican League,,F21403,Uzcanga,,0,Reynosa,,,,,p50
minoraverages/1967TSN,1966,Mexican League,,P11166,Uzcanga,,0,Reynosa,,,,50,
minoraverages/1967TSN,1966,Mexican League,,B02503,Valenzuela,Benjamin,0,Poza Rica,,,20,,
minoraverages/1967TSN,1966,Mexican League,,F20657,Valenzuela,,0,Poza Rica,,,,,3b15
minoraverages/1967TSN,1966,Mexican League,,B02516,Vargas,Heriberto,0,Poza Rica,,,7,,
minoraverages/1967TSN,1966,Mexican League,,B02527,Vega,Fidel,0,Jalisco,,,47,,
minoraverages/1967TSN,1966,Mexican League,,F21961,Vega,,0,Jalisco,,,,,p31
minoraverages/1967TSN,1966,Mexican League,,P11177,Vega,,0,Jalisco,,,,31,
minoraverages/1967TSN,1966,Mexican League,,B02534,Velazquez,Manuel,0,Mexico City Reds,,,27,,
minoraverages/1967TSN,1966,Mexican League,,F21491,Velazquez,,0,Mexico City Reds,,,,,p27
minoraverages/1967TSN,1966,Mexican League,,P11189,Velazquez,,0,Mexico City Reds,,,,27,
minoraverages/1967TSN,1966,Mexican League,,B02542,Velez,Juan Enrique,0,Puebla,,,67,,
minoraverages/1967TSN,1966,Mexican League,,F20673,Velez,,0,Puebla,,,,,3b55
minoraverages/1967TSN,1966,Mexican League,,B02550,Velo,Waldo,0,Jalisco,,,31,,
minoraverages/1967TSN,1966,Mexican League,,F21416,Velo,,0,Jalisco,,,,,p31
minoraverages/1967TSN,1966,Mexican League,,P11190,Velo,,0,Jalisco,,,,31,
minoraverages/1967TSN,1966,Mexican League,,B02569,Villa,Carlos,0,Jalisco,,,97,,
minoraverages/1967TSN,1966,Mexican League,,F20222,Villa,,0,Jalisco,,,,,2b34
minoraverages/1967TSN,1966,Mexican League,,F20700,Villa,,0,Jalisco,,,,,3b18
minoraverages/1967TSN,1966,Mexican League,,B02575,Villalobos,Gonzalo,0,Reynosa,,,137,,
minoraverages/1967TSN,1966,Mexican League,,F21068,Villalobos,,0,Reynosa,,,,,of129
minoraverages/1967TSN,1966,Mexican League,,B02588,Villarreal,Juan de Dios,0,Poza Rica,,,86,,
minoraverages/1967TSN,1966,Mexican League,,F21362,Villarreal,,0,Poza Rica,,,,,c74
minoraverages/1967TSN,1966,Mexican League,,B02591,Villegas,Clemente,0,Puebla,,,1,,
minoraverages/1967TSN,1966,Mexican League,,B02606,Villegas,Saul,0,Monterrey,,,116,,
minoraverages/1967TSN,1966,Mexican League,,F21000,Villegas,S.,0,Monterrey,,,,,of102
minoraverages/1967TSN,1966,Mexican League,,B02611,Zamudio,Hector,0,Mexico City Tigers,,,37,,
minoraverages/1967TSN,1966,Mexican League,,F20784,Zamudio,,0,Mexico City Tigers,,,,,of35
minoraverages/1967TSN,1966,Mexican League,,B02622,Zazueta,Alejandro,0,Reynosa,,,40,,
minoraverages/1967TSN,1966,Mexican League,,F21174,Zazueta,,0,Reynosa,,,,,of27
